"","domain","k","loglik","AIC","BIC","G2","X2","entropy","npar","lrt_pval"
"1","Thinking/Feeling",2,-506167.363971428,1012384.72794286,1012635.04802737,414799.280258229,8947424.97395928,